sep=;
.text;Smart Explorer
.text;Version 1.5.0.0
.text;Copyright Â© 2015 Kipp & Zonen
.text;
.text;Logfile created on;;02-10-2025
.text;
.sts.hdr;Date;Time;Channel;Status;Modbus ID;Serial Nr;Type;Softw. Rel;Hardw. Rel.;Sensitivity (uV/W/m2);Scalefactor;
.sts;2025-10-02;07:10:28;01;Ready;010;18-5163;SHP1-A;V201;V001;8.6158;0.1;
.sts;2025-10-02;07:10:28;02;n.a.;
.sts;2025-10-02;07:10:28;03;n.a.;
.sts;2025-10-02;07:10:28;04;n.a.;
.sts;2025-10-02;07:10:28;05;n.a.;
.sts;2025-10-02;07:10:28;06;n.a.;
.sts;2025-10-02;07:10:28;07;n.a.;
.sts;2025-10-02;07:10:28;08;n.a.;
.sts;2025-10-02;07:10:28;09;n.a.;
.sts;2025-10-02;07:10:28;10;n.a.;
.text;
.data.hdr;Channels;#;Ch.1;Ch.1;Ch.1;Ch.1;Ch.2;Ch.2;Ch.2;Ch.2;Ch.3;Ch.3;Ch.3;Ch.3;Ch.4;Ch.4;Ch.4;Ch.4;Ch.5;Ch.5;Ch.5;Ch.5;Ch.6;Ch.6;Ch.6;Ch.6;Ch.7;Ch.7;Ch.7;Ch.7;Ch.8;Ch.8;Ch.8;Ch.8;Ch.9;Ch.9;Ch.9;Ch.9;Ch.10;Ch.10;Ch.10;Ch.10;
.data.hdr;Date;Time;#Samples;Radiation;Temperature;Power;#Samples;Radiation;Temperature;Power;#Samples;Radiation;Temperature;Power;#Samples;Radiation;Temperature;Power;#Samples;Radiation;Temperature;Power;#Samples;Radiation;Temperature;Power;#Samples;Radiation;Temperature;Power;#Samples;Radiation;Temperature;Power;#Samples;Radiation;Temperature;Power;#Samples;Radiation;Temperature;Power;
.data.hdr;;;;I (W/m2);T (K);P (V);;I (W/m2);T (K);P (V);;I (W/m2);T (K);P (V);;I (W/m2);T (K);P (V);;I (W/m2);T (K);P (V);;I (W/m2);T (K);P (V);;I (W/m2);T (K);P (V);;I (W/m2);T (K);P (V);;I (W/m2);T (K);P (V);;I (W/m2);T (K);P (V);
.data;2025-10-02;07:10:29;001;829.4;281.55;12.2;;;;;;;;;;;;;;;;;;;;;;;;;;;;;;;;;;;;;
.data;2025-10-02;07:10:30;;;;;;;;;;;;;;;;;;;;;;;;;;;;;;;;;;;;;;;;;
.data;2025-10-02;07:10:31;000;829.6;281.55;12.2;;;;;;;;;;;;;;;;;;;;;;;;;;;;;;;;;;;;;
.data;2025-10-02;07:10:32;001;830.5;281.55;12.2;;;;;;;;;;;;;;;;;;;;;;;;;;;;;;;;;;;;;
.data;2025-10-02;07:10:33;001;830.3;281.55;12.2;;;;;;;;;;;;;;;;;;;;;;;;;;;;;;;;;;;;;
.data;2025-10-02;07:10:34;001;830.3;281.55;12.2;;;;;;;;;;;;;;;;;;;;;;;;;;;;;;;;;;;;;
.data;2025-10-02;07:10:35;001;830.4;281.55;12.2;;;;;;;;;;;;;;;;;;;;;;;;;;;;;;;;;;;;;
.data;2025-10-02;07:10:36;001;830.4;281.55;12.2;;;;;;;;;;;;;;;;;;;;;;;;;;;;;;;;;;;;;
.data;2025-10-02;07:10:37;001;830.3;281.55;12.2;;;;;;;;;;;;;;;;;;;;;;;;;;;;;;;;;;;;;
.data;2025-10-02;07:10:38;001;830.3;281.55;12.2;;;;;;;;;;;;;;;;;;;;;;;;;;;;;;;;;;;;;
.data;2025-10-02;07:10:39;001;830.2;281.55;12.2;;;;;;;;;;;;;;;;;;;;;;;;;;;;;;;;;;;;;
.data;2025-10-02;07:10:40;001;830.3;281.55;12.2;;;;;;;;;;;;;;;;;;;;;;;;;;;;;;;;;;;;;
.data;2025-10-02;07:10:41;001;830.3;281.45;12.2;;;;;;;;;;;;;;;;;;;;;;;;;;;;;;;;;;;;;
.data;2025-10-02;07:10:42;001;830.4;281.55;12.2;;;;;;;;;;;;;;;;;;;;;;;;;;;;;;;;;;;;;
.data;2025-10-02;07:10:43;001;830.7;281.45;12.2;;;;;;;;;;;;;;;;;;;;;;;;;;;;;;;;;;;;;
.data;2025-10-02;07:10:44;001;830.7;281.45;12.2;;;;;;;;;;;;;;;;;;;;;;;;;;;;;;;;;;;;;
.data;2025-10-02;07:10:45;001;830.6;281.45;12.2;;;;;;;;;;;;;;;;;;;;;;;;;;;;;;;;;;;;;
.data;2025-10-02;07:10:46;001;830.5;281.45;12.2;;;;;;;;;;;;;;;;;;;;;;;;;;;;;;;;;;;;;
.data;2025-10-02;07:10:47;001;830.4;281.45;12.2;;;;;;;;;;;;;;;;;;;;;;;;;;;;;;;;;;;;;
.data;2025-10-02;07:10:48;001;830.6;281.45;12.2;;;;;;;;;;;;;;;;;;;;;;;;;;;;;;;;;;;;;
.data;2025-10-02;07:10:49;001;830.6;281.45;12.2;;;;;;;;;;;;;;;;;;;;;;;;;;;;;;;;;;;;;
.data;2025-10-02;07:10:50;001;830.7;281.45;12.2;;;;;;;;;;;;;;;;;;;;;;;;;;;;;;;;;;;;;
.data;2025-10-02;07:10:51;001;831.5;281.45;12.2;;;;;;;;;;;;;;;;;;;;;;;;;;;;;;;;;;;;;
.data;2025-10-02;07:10:52;001;831.5;281.45;12.2;;;;;;;;;;;;;;;;;;;;;;;;;;;;;;;;;;;;;
.data;2025-10-02;07:10:53;001;831.6;281.45;12.2;;;;;;;;;;;;;;;;;;;;;;;;;;;;;;;;;;;;;
.data;2025-10-02;07:10:54;001;831.8;281.45;12.2;;;;;;;;;;;;;;;;;;;;;;;;;;;;;;;;;;;;;
.data;2025-10-02;07:10:55;001;831.6;281.45;12.2;;;;;;;;;;;;;;;;;;;;;;;;;;;;;;;;;;;;;
.data;2025-10-02;07:10:56;001;831.5;281.45;12.2;;;;;;;;;;;;;;;;;;;;;;;;;;;;;;;;;;;;;
.data;2025-10-02;07:10:57;001;831.4;281.45;12.2;;;;;;;;;;;;;;;;;;;;;;;;;;;;;;;;;;;;;
.data;2025-10-02;07:10:58;001;831.4;281.45;12.2;;;;;;;;;;;;;;;;;;;;;;;;;;;;;;;;;;;;;
.data;2025-10-02;07:10:59;001;831.4;281.45;12.2;;;;;;;;;;;;;;;;;;;;;;;;;;;;;;;;;;;;;
.data;2025-10-02;07:11:00;001;831.2;281.45;12.2;;;;;;;;;;;;;;;;;;;;;;;;;;;;;;;;;;;;;
.data;2025-10-02;07:11:01;001;831.2;281.45;12.2;;;;;;;;;;;;;;;;;;;;;;;;;;;;;;;;;;;;;
.data;2025-10-02;07:11:02;001;831.0;281.45;12.2;;;;;;;;;;;;;;;;;;;;;;;;;;;;;;;;;;;;;
.data;2025-10-02;07:11:03;001;831.2;281.45;12.2;;;;;;;;;;;;;;;;;;;;;;;;;;;;;;;;;;;;;
.data;2025-10-02;07:11:04;001;831.3;281.45;12.2;;;;;;;;;;;;;;;;;;;;;;;;;;;;;;;;;;;;;
.data;2025-10-02;07:11:05;001;831.4;281.45;12.2;;;;;;;;;;;;;;;;;;;;;;;;;;;;;;;;;;;;;
.data;2025-10-02;07:11:06;001;831.4;281.45;12.2;;;;;;;;;;;;;;;;;;;;;;;;;;;;;;;;;;;;;
.data;2025-10-02;07:11:07;001;831.3;281.45;12.2;;;;;;;;;;;;;;;;;;;;;;;;;;;;;;;;;;;;;
.data;2025-10-02;07:11:08;001;831.2;281.45;12.2;;;;;;;;;;;;;;;;;;;;;;;;;;;;;;;;;;;;;
.data;2025-10-02;07:11:09;001;831.4;281.45;12.2;;;;;;;;;;;;;;;;;;;;;;;;;;;;;;;;;;;;;
.data;2025-10-02;07:11:10;001;831.5;281.35;12.2;;;;;;;;;;;;;;;;;;;;;;;;;;;;;;;;;;;;;
.data;2025-10-02;07:11:11;001;831.5;281.35;12.2;;;;;;;;;;;;;;;;;;;;;;;;;;;;;;;;;;;;;
.data;2025-10-02;07:11:12;001;831.6;281.35;12.2;;;;;;;;;;;;;;;;;;;;;;;;;;;;;;;;;;;;;
.data;2025-10-02;07:11:13;001;831.8;281.35;12.2;;;;;;;;;;;;;;;;;;;;;;;;;;;;;;;;;;;;;
.data;2025-10-02;07:11:14;001;831.9;281.35;12.2;;;;;;;;;;;;;;;;;;;;;;;;;;;;;;;;;;;;;
.data;2025-10-02;07:11:15;001;831.9;281.35;12.2;;;;;;;;;;;;;;;;;;;;;;;;;;;;;;;;;;;;;
.data;2025-10-02;07:11:16;001;832.1;281.35;12.2;;;;;;;;;;;;;;;;;;;;;;;;;;;;;;;;;;;;;
.data;2025-10-02;07:11:17;001;832.0;281.35;12.2;;;;;;;;;;;;;;;;;;;;;;;;;;;;;;;;;;;;;
.data;2025-10-02;07:11:18;001;832.1;281.35;12.2;;;;;;;;;;;;;;;;;;;;;;;;;;;;;;;;;;;;;
.data;2025-10-02;07:11:19;001;832.8;281.35;12.2;;;;;;;;;;;;;;;;;;;;;;;;;;;;;;;;;;;;;
.data;2025-10-02;07:11:20;001;832.8;281.35;12.2;;;;;;;;;;;;;;;;;;;;;;;;;;;;;;;;;;;;;
.data;2025-10-02;07:11:21;001;832.7;281.35;12.2;;;;;;;;;;;;;;;;;;;;;;;;;;;;;;;;;;;;;
.data;2025-10-02;07:11:22;001;832.8;281.35;12.2;;;;;;;;;;;;;;;;;;;;;;;;;;;;;;;;;;;;;
.data;2025-10-02;07:11:23;001;831.8;281.35;12.2;;;;;;;;;;;;;;;;;;;;;;;;;;;;;;;;;;;;;
.data;2025-10-02;07:11:24;001;832.0;281.35;12.2;;;;;;;;;;;;;;;;;;;;;;;;;;;;;;;;;;;;;
.data;2025-10-02;07:11:25;001;832.1;281.35;12.2;;;;;;;;;;;;;;;;;;;;;;;;;;;;;;;;;;;;;
.data;2025-10-02;07:11:26;001;832.1;281.35;12.2;;;;;;;;;;;;;;;;;;;;;;;;;;;;;;;;;;;;;
.data;2025-10-02;07:11:27;001;832.4;281.35;12.2;;;;;;;;;;;;;;;;;;;;;;;;;;;;;;;;;;;;;
.data;2025-10-02;07:11:28;001;833.0;281.35;12.2;;;;;;;;;;;;;;;;;;;;;;;;;;;;;;;;;;;;;
.data;2025-10-02;07:11:29;001;832.9;281.35;12.2;;;;;;;;;;;;;;;;;;;;;;;;;;;;;;;;;;;;;
.data;2025-10-02;07:11:30;001;833.0;281.25;12.2;;;;;;;;;;;;;;;;;;;;;;;;;;;;;;;;;;;;;
.data;2025-10-02;07:11:31;001;833.0;281.25;12.2;;;;;;;;;;;;;;;;;;;;;;;;;;;;;;;;;;;;;
.data;2025-10-02;07:11:32;001;833.0;281.25;12.2;;;;;;;;;;;;;;;;;;;;;;;;;;;;;;;;;;;;;
.data;2025-10-02;07:11:33;001;833.0;281.25;12.2;;;;;;;;;;;;;;;;;;;;;;;;;;;;;;;;;;;;;
.data;2025-10-02;07:11:34;001;832.9;281.25;12.2;;;;;;;;;;;;;;;;;;;;;;;;;;;;;;;;;;;;;
.data;2025-10-02;07:11:35;001;832.8;281.25;12.2;;;;;;;;;;;;;;;;;;;;;;;;;;;;;;;;;;;;;
.data;2025-10-02;07:11:36;001;833.0;281.25;12.2;;;;;;;;;;;;;;;;;;;;;;;;;;;;;;;;;;;;;
.data;2025-10-02;07:11:37;001;833.0;281.25;12.2;;;;;;;;;;;;;;;;;;;;;;;;;;;;;;;;;;;;;
.data;2025-10-02;07:11:38;001;833.1;281.25;12.2;;;;;;;;;;;;;;;;;;;;;;;;;;;;;;;;;;;;;
.data;2025-10-02;07:11:39;001;833.2;281.25;12.2;;;;;;;;;;;;;;;;;;;;;;;;;;;;;;;;;;;;;
.data;2025-10-02;07:11:40;001;833.2;281.25;12.2;;;;;;;;;;;;;;;;;;;;;;;;;;;;;;;;;;;;;
.data;2025-10-02;07:11:41;001;833.1;281.25;12.2;;;;;;;;;;;;;;;;;;;;;;;;;;;;;;;;;;;;;
.data;2025-10-02;07:11:42;001;833.2;281.25;12.2;;;;;;;;;;;;;;;;;;;;;;;;;;;;;;;;;;;;;
.data;2025-10-02;07:11:43;001;833.3;281.25;12.2;;;;;;;;;;;;;;;;;;;;;;;;;;;;;;;;;;;;;
.data;2025-10-02;07:11:44;001;833.2;281.25;12.2;;;;;;;;;;;;;;;;;;;;;;;;;;;;;;;;;;;;;
.data;2025-10-02;07:11:45;001;833.2;281.25;12.2;;;;;;;;;;;;;;;;;;;;;;;;;;;;;;;;;;;;;
.data;2025-10-02;07:11:46;001;833.1;281.25;12.2;;;;;;;;;;;;;;;;;;;;;;;;;;;;;;;;;;;;;
.data;2025-10-02;07:11:47;001;833.2;281.25;12.2;;;;;;;;;;;;;;;;;;;;;;;;;;;;;;;;;;;;;
.data;2025-10-02;07:11:48;001;833.3;281.15;12.2;;;;;;;;;;;;;;;;;;;;;;;;;;;;;;;;;;;;;
.data;2025-10-02;07:11:49;001;833.3;281.15;12.2;;;;;;;;;;;;;;;;;;;;;;;;;;;;;;;;;;;;;
.data;2025-10-02;07:11:50;001;833.5;281.15;12.2;;;;;;;;;;;;;;;;;;;;;;;;;;;;;;;;;;;;;
.data;2025-10-02;07:11:51;001;833.7;281.15;12.2;;;;;;;;;;;;;;;;;;;;;;;;;;;;;;;;;;;;;
.data;2025-10-02;07:11:52;001;833.9;281.15;12.2;;;;;;;;;;;;;;;;;;;;;;;;;;;;;;;;;;;;;
.data;2025-10-02;07:11:53;001;834.0;281.15;12.2;;;;;;;;;;;;;;;;;;;;;;;;;;;;;;;;;;;;;
.data;2025-10-02;07:11:54;001;834.1;281.15;12.2;;;;;;;;;;;;;;;;;;;;;;;;;;;;;;;;;;;;;
.data;2025-10-02;07:11:55;001;834.8;281.15;12.2;;;;;;;;;;;;;;;;;;;;;;;;;;;;;;;;;;;;;
.data;2025-10-02;07:11:56;001;834.5;281.15;12.2;;;;;;;;;;;;;;;;;;;;;;;;;;;;;;;;;;;;;
.data;2025-10-02;07:11:57;001;834.5;281.15;12.2;;;;;;;;;;;;;;;;;;;;;;;;;;;;;;;;;;;;;
.data;2025-10-02;07:11:58;001;834.7;281.15;12.2;;;;;;;;;;;;;;;;;;;;;;;;;;;;;;;;;;;;;
.data;2025-10-02;07:11:59;001;834.6;281.15;12.2;;;;;;;;;;;;;;;;;;;;;;;;;;;;;;;;;;;;;
.data;2025-10-02;07:12:00;001;834.5;281.15;12.2;;;;;;;;;;;;;;;;;;;;;;;;;;;;;;;;;;;;;
.data;2025-10-02;07:12:01;001;834.4;281.15;12.2;;;;;;;;;;;;;;;;;;;;;;;;;;;;;;;;;;;;;
.data;2025-10-02;07:12:02;001;834.2;281.15;12.2;;;;;;;;;;;;;;;;;;;;;;;;;;;;;;;;;;;;;
.data;2025-10-02;07:12:03;001;834.3;281.15;12.2;;;;;;;;;;;;;;;;;;;;;;;;;;;;;;;;;;;;;
.data;2025-10-02;07:12:04;001;834.3;281.15;12.2;;;;;;;;;;;;;;;;;;;;;;;;;;;;;;;;;;;;;
.data;2025-10-02;07:12:05;001;834.3;281.15;12.2;;;;;;;;;;;;;;;;;;;;;;;;;;;;;;;;;;;;;
.data;2025-10-02;07:12:06;001;834.2;281.15;12.2;;;;;;;;;;;;;;;;;;;;;;;;;;;;;;;;;;;;;
.data;2025-10-02;07:12:07;001;834.4;281.15;12.2;;;;;;;;;;;;;;;;;;;;;;;;;;;;;;;;;;;;;
.data;2025-10-02;07:12:08;001;834.6;281.15;12.2;;;;;;;;;;;;;;;;;;;;;;;;;;;;;;;;;;;;;
.data;2025-10-02;07:12:09;001;834.4;281.15;12.2;;;;;;;;;;;;;;;;;;;;;;;;;;;;;;;;;;;;;
.data;2025-10-02;07:12:10;001;834.4;281.05;12.2;;;;;;;;;;;;;;;;;;;;;;;;;;;;;;;;;;;;;
.data;2025-10-02;07:12:11;001;834.5;281.05;12.2;;;;;;;;;;;;;;;;;;;;;;;;;;;;;;;;;;;;;
.data;2025-10-02;07:12:12;001;834.5;281.05;12.2;;;;;;;;;;;;;;;;;;;;;;;;;;;;;;;;;;;;;
.data;2025-10-02;07:12:13;001;834.4;281.05;12.2;;;;;;;;;;;;;;;;;;;;;;;;;;;;;;;;;;;;;
.data;2025-10-02;07:12:14;001;834.3;281.05;12.2;;;;;;;;;;;;;;;;;;;;;;;;;;;;;;;;;;;;;
.data;2025-10-02;07:12:15;001;834.3;281.05;12.2;;;;;;;;;;;;;;;;;;;;;;;;;;;;;;;;;;;;;
.data;2025-10-02;07:12:16;001;834.4;281.05;12.2;;;;;;;;;;;;;;;;;;;;;;;;;;;;;;;;;;;;;
.data;2025-10-02;07:12:17;001;834.3;281.05;12.2;;;;;;;;;;;;;;;;;;;;;;;;;;;;;;;;;;;;;
.data;2025-10-02;07:12:18;001;834.3;281.05;12.2;;;;;;;;;;;;;;;;;;;;;;;;;;;;;;;;;;;;;
.data;2025-10-02;07:12:19;001;834.6;281.05;12.2;;;;;;;;;;;;;;;;;;;;;;;;;;;;;;;;;;;;;
.data;2025-10-02;07:12:20;001;834.7;281.05;12.2;;;;;;;;;;;;;;;;;;;;;;;;;;;;;;;;;;;;;
.data;2025-10-02;07:12:21;001;834.6;281.05;12.2;;;;;;;;;;;;;;;;;;;;;;;;;;;;;;;;;;;;;
.data;2025-10-02;07:12:22;001;834.6;281.05;12.2;;;;;;;;;;;;;;;;;;;;;;;;;;;;;;;;;;;;;
.data;2025-10-02;07:12:23;001;834.6;281.05;12.2;;;;;;;;;;;;;;;;;;;;;;;;;;;;;;;;;;;;;
.data;2025-10-02;07:12:24;001;834.7;281.05;12.2;;;;;;;;;;;;;;;;;;;;;;;;;;;;;;;;;;;;;
.data;2025-10-02;07:12:25;001;834.8;281.05;12.2;;;;;;;;;;;;;;;;;;;;;;;;;;;;;;;;;;;;;
.data;2025-10-02;07:12:26;001;834.8;281.05;12.2;;;;;;;;;;;;;;;;;;;;;;;;;;;;;;;;;;;;;
.data;2025-10-02;07:12:27;001;834.9;281.05;12.2;;;;;;;;;;;;;;;;;;;;;;;;;;;;;;;;;;;;;
.data;2025-10-02;07:12:28;001;834.8;281.05;12.2;;;;;;;;;;;;;;;;;;;;;;;;;;;;;;;;;;;;;
.data;2025-10-02;07:12:29;001;834.3;281.05;12.2;;;;;;;;;;;;;;;;;;;;;;;;;;;;;;;;;;;;;
.data;2025-10-02;07:12:30;001;834.2;281.05;12.2;;;;;;;;;;;;;;;;;;;;;;;;;;;;;;;;;;;;;
.data;2025-10-02;07:12:31;001;834.3;280.95;12.2;;;;;;;;;;;;;;;;;;;;;;;;;;;;;;;;;;;;;
.data;2025-10-02;07:12:32;001;834.4;280.95;12.2;;;;;;;;;;;;;;;;;;;;;;;;;;;;;;;;;;;;;
.data;2025-10-02;07:12:33;001;834.4;280.95;12.2;;;;;;;;;;;;;;;;;;;;;;;;;;;;;;;;;;;;;
.data;2025-10-02;07:12:34;001;834.6;280.95;12.2;;;;;;;;;;;;;;;;;;;;;;;;;;;;;;;;;;;;;
.data;2025-10-02;07:12:35;001;834.8;280.95;12.2;;;;;;;;;;;;;;;;;;;;;;;;;;;;;;;;;;;;;
.data;2025-10-02;07:12:36;001;835.0;280.95;12.2;;;;;;;;;;;;;;;;;;;;;;;;;;;;;;;;;;;;;
.data;2025-10-02;07:12:37;001;835.2;280.95;12.2;;;;;;;;;;;;;;;;;;;;;;;;;;;;;;;;;;;;;
.data;2025-10-02;07:12:38;001;835.1;280.95;12.2;;;;;;;;;;;;;;;;;;;;;;;;;;;;;;;;;;;;;
.data;2025-10-02;07:12:39;001;835.0;280.95;12.2;;;;;;;;;;;;;;;;;;;;;;;;;;;;;;;;;;;;;
.data;2025-10-02;07:12:40;001;835.1;280.95;12.2;;;;;;;;;;;;;;;;;;;;;;;;;;;;;;;;;;;;;
.data;2025-10-02;07:12:41;001;835.1;280.95;12.2;;;;;;;;;;;;;;;;;;;;;;;;;;;;;;;;;;;;;
.data;2025-10-02;07:12:42;001;835.1;280.95;12.2;;;;;;;;;;;;;;;;;;;;;;;;;;;;;;;;;;;;;
.data;2025-10-02;07:12:43;001;835.0;280.95;12.2;;;;;;;;;;;;;;;;;;;;;;;;;;;;;;;;;;;;;
.data;2025-10-02;07:12:44;001;834.9;280.95;12.2;;;;;;;;;;;;;;;;;;;;;;;;;;;;;;;;;;;;;
.data;2025-10-02;07:12:45;001;834.9;280.95;12.2;;;;;;;;;;;;;;;;;;;;;;;;;;;;;;;;;;;;;
.data;2025-10-02;07:12:46;001;834.9;280.95;12.2;;;;;;;;;;;;;;;;;;;;;;;;;;;;;;;;;;;;;
.data;2025-10-02;07:12:47;001;834.9;280.95;12.2;;;;;;;;;;;;;;;;;;;;;;;;;;;;;;;;;;;;;
.data;2025-10-02;07:12:48;001;835.1;280.95;12.2;;;;;;;;;;;;;;;;;;;;;;;;;;;;;;;;;;;;;
.data;2025-10-02;07:12:49;001;835.2;280.95;12.2;;;;;;;;;;;;;;;;;;;;;;;;;;;;;;;;;;;;;
.data;2025-10-02;07:12:50;001;835.4;280.95;12.2;;;;;;;;;;;;;;;;;;;;;;;;;;;;;;;;;;;;;
.data;2025-10-02;07:12:51;001;836.0;280.95;12.2;;;;;;;;;;;;;;;;;;;;;;;;;;;;;;;;;;;;;
.data;2025-10-02;07:12:52;001;835.9;280.95;12.2;;;;;;;;;;;;;;;;;;;;;;;;;;;;;;;;;;;;;
.data;2025-10-02;07:12:53;001;836.1;280.95;12.2;;;;;;;;;;;;;;;;;;;;;;;;;;;;;;;;;;;;;
.data;2025-10-02;07:12:54;001;836.1;280.85;12.2;;;;;;;;;;;;;;;;;;;;;;;;;;;;;;;;;;;;;
.data;2025-10-02;07:12:55;001;836.1;280.85;12.2;;;;;;;;;;;;;;;;;;;;;;;;;;;;;;;;;;;;;
.data;2025-10-02;07:12:56;001;836.2;280.85;12.2;;;;;;;;;;;;;;;;;;;;;;;;;;;;;;;;;;;;;
.data;2025-10-02;07:12:57;001;836.1;280.85;12.2;;;;;;;;;;;;;;;;;;;;;;;;;;;;;;;;;;;;;
.data;2025-10-02;07:12:58;001;836.0;280.85;12.2;;;;;;;;;;;;;;;;;;;;;;;;;;;;;;;;;;;;;
.data;2025-10-02;07:12:59;001;836.1;280.85;12.2;;;;;;;;;;;;;;;;;;;;;;;;;;;;;;;;;;;;;
.data;2025-10-02;07:13:00;001;836.2;280.85;12.2;;;;;;;;;;;;;;;;;;;;;;;;;;;;;;;;;;;;;
.data;2025-10-02;07:13:01;001;836.2;280.85;12.2;;;;;;;;;;;;;;;;;;;;;;;;;;;;;;;;;;;;;
.data;2025-10-02;07:13:02;001;836.2;280.85;12.2;;;;;;;;;;;;;;;;;;;;;;;;;;;;;;;;;;;;;
.data;2025-10-02;07:13:03;001;836.2;280.85;12.2;;;;;;;;;;;;;;;;;;;;;;;;;;;;;;;;;;;;;
.data;2025-10-02;07:13:04;001;836.5;280.85;12.2;;;;;;;;;;;;;;;;;;;;;;;;;;;;;;;;;;;;;
.data;2025-10-02;07:13:05;001;836.7;280.85;12.2;;;;;;;;;;;;;;;;;;;;;;;;;;;;;;;;;;;;;
.data;2025-10-02;07:13:06;001;836.7;280.85;12.2;;;;;;;;;;;;;;;;;;;;;;;;;;;;;;;;;;;;;
.data;2025-10-02;07:13:07;001;837.0;280.85;12.2;;;;;;;;;;;;;;;;;;;;;;;;;;;;;;;;;;;;;
.data;2025-10-02;07:13:08;001;837.1;280.85;12.2;;;;;;;;;;;;;;;;;;;;;;;;;;;;;;;;;;;;;
.data;2025-10-02;07:13:09;001;837.3;280.85;12.2;;;;;;;;;;;;;;;;;;;;;;;;;;;;;;;;;;;;;
.data;2025-10-02;07:13:10;001;837.4;280.85;12.2;;;;;;;;;;;;;;;;;;;;;;;;;;;;;;;;;;;;;
.data;2025-10-02;07:13:11;001;837.5;280.85;12.2;;;;;;;;;;;;;;;;;;;;;;;;;;;;;;;;;;;;;
.data;2025-10-02;07:13:12;001;837.3;280.85;12.2;;;;;;;;;;;;;;;;;;;;;;;;;;;;;;;;;;;;;
.data;2025-10-02;07:13:13;001;837.5;280.85;12.2;;;;;;;;;;;;;;;;;;;;;;;;;;;;;;;;;;;;;
.data;2025-10-02;07:13:14;001;837.7;280.85;12.2;;;;;;;;;;;;;;;;;;;;;;;;;;;;;;;;;;;;;
.data;2025-10-02;07:13:15;001;837.8;280.85;12.2;;;;;;;;;;;;;;;;;;;;;;;;;;;;;;;;;;;;;
.data;2025-10-02;07:13:16;001;837.6;280.85;12.2;;;;;;;;;;;;;;;;;;;;;;;;;;;;;;;;;;;;;
.data;2025-10-02;07:13:17;001;837.5;280.75;12.2;;;;;;;;;;;;;;;;;;;;;;;;;;;;;;;;;;;;;
.data;2025-10-02;07:13:18;001;837.2;280.75;12.2;;;;;;;;;;;;;;;;;;;;;;;;;;;;;;;;;;;;;
.data;2025-10-02;07:13:19;001;837.3;280.75;12.2;;;;;;;;;;;;;;;;;;;;;;;;;;;;;;;;;;;;;
.data;2025-10-02;07:13:20;001;837.2;280.75;12.2;;;;;;;;;;;;;;;;;;;;;;;;;;;;;;;;;;;;;
.data;2025-10-02;07:13:21;001;837.3;280.75;12.2;;;;;;;;;;;;;;;;;;;;;;;;;;;;;;;;;;;;;
.data;2025-10-02;07:13:22;001;836.6;280.75;12.2;;;;;;;;;;;;;;;;;;;;;;;;;;;;;;;;;;;;;
.data;2025-10-02;07:13:23;001;837.1;280.75;12.2;;;;;;;;;;;;;;;;;;;;;;;;;;;;;;;;;;;;;
.data;2025-10-02;07:13:24;001;837.3;280.75;12.2;;;;;;;;;;;;;;;;;;;;;;;;;;;;;;;;;;;;;
.data;2025-10-02;07:13:25;001;837.4;280.75;12.2;;;;;;;;;;;;;;;;;;;;;;;;;;;;;;;;;;;;;
.data;2025-10-02;07:13:26;001;836.9;280.75;12.2;;;;;;;;;;;;;;;;;;;;;;;;;;;;;;;;;;;;;
.data;2025-10-02;07:13:27;001;836.4;280.75;12.2;;;;;;;;;;;;;;;;;;;;;;;;;;;;;;;;;;;;;
.data;2025-10-02;07:13:28;001;836.4;280.75;12.2;;;;;;;;;;;;;;;;;;;;;;;;;;;;;;;;;;;;;
.data;2025-10-02;07:13:29;001;836.4;280.75;12.2;;;;;;;;;;;;;;;;;;;;;;;;;;;;;;;;;;;;;
.data;2025-10-02;07:13:30;001;836.6;280.75;12.2;;;;;;;;;;;;;;;;;;;;;;;;;;;;;;;;;;;;;
.data;2025-10-02;07:13:31;001;836.5;280.75;12.2;;;;;;;;;;;;;;;;;;;;;;;;;;;;;;;;;;;;;
.data;2025-10-02;07:13:32;001;836.6;280.75;12.2;;;;;;;;;;;;;;;;;;;;;;;;;;;;;;;;;;;;;
.data;2025-10-02;07:13:33;001;836.9;280.75;12.2;;;;;;;;;;;;;;;;;;;;;;;;;;;;;;;;;;;;;
.data;2025-10-02;07:13:34;001;837.1;280.75;12.2;;;;;;;;;;;;;;;;;;;;;;;;;;;;;;;;;;;;;
.data;2025-10-02;07:13:35;001;837.3;280.75;12.2;;;;;;;;;;;;;;;;;;;;;;;;;;;;;;;;;;;;;
.data;2025-10-02;07:13:36;001;837.6;280.75;12.2;;;;;;;;;;;;;;;;;;;;;;;;;;;;;;;;;;;;;
.data;2025-10-02;07:13:37;001;837.6;280.75;12.2;;;;;;;;;;;;;;;;;;;;;;;;;;;;;;;;;;;;;
.data;2025-10-02;07:13:38;001;837.7;280.75;12.2;;;;;;;;;;;;;;;;;;;;;;;;;;;;;;;;;;;;;
.data;2025-10-02;07:13:39;001;837.7;280.75;12.2;;;;;;;;;;;;;;;;;;;;;;;;;;;;;;;;;;;;;
.data;2025-10-02;07:13:40;001;837.5;280.75;12.2;;;;;;;;;;;;;;;;;;;;;;;;;;;;;;;;;;;;;
.data;2025-10-02;07:13:41;001;837.5;280.75;12.2;;;;;;;;;;;;;;;;;;;;;;;;;;;;;;;;;;;;;
.data;2025-10-02;07:13:42;001;837.4;280.75;12.2;;;;;;;;;;;;;;;;;;;;;;;;;;;;;;;;;;;;;
.data;2025-10-02;07:13:43;001;837.4;280.75;12.2;;;;;;;;;;;;;;;;;;;;;;;;;;;;;;;;;;;;;
.data;2025-10-02;07:13:44;001;837.6;280.75;12.2;;;;;;;;;;;;;;;;;;;;;;;;;;;;;;;;;;;;;
.data;2025-10-02;07:13:45;001;837.7;280.65;12.2;;;;;;;;;;;;;;;;;;;;;;;;;;;;;;;;;;;;;
.data;2025-10-02;07:13:46;001;837.8;280.65;12.2;;;;;;;;;;;;;;;;;;;;;;;;;;;;;;;;;;;;;
.data;2025-10-02;07:13:47;001;837.9;280.65;12.2;;;;;;;;;;;;;;;;;;;;;;;;;;;;;;;;;;;;;
.data;2025-10-02;07:13:48;001;837.9;280.65;12.2;;;;;;;;;;;;;;;;;;;;;;;;;;;;;;;;;;;;;
.data;2025-10-02;07:13:49;001;837.9;280.65;12.2;;;;;;;;;;;;;;;;;;;;;;;;;;;;;;;;;;;;;
.data;2025-10-02;07:13:50;001;837.7;280.65;12.2;;;;;;;;;;;;;;;;;;;;;;;;;;;;;;;;;;;;;
.data;2025-10-02;07:13:51;001;837.6;280.65;12.2;;;;;;;;;;;;;;;;;;;;;;;;;;;;;;;;;;;;;
.data;2025-10-02;07:13:52;001;837.7;280.65;12.2;;;;;;;;;;;;;;;;;;;;;;;;;;;;;;;;;;;;;
.data;2025-10-02;07:13:53;001;837.6;280.65;12.2;;;;;;;;;;;;;;;;;;;;;;;;;;;;;;;;;;;;;
.data;2025-10-02;07:13:54;001;837.5;280.65;12.2;;;;;;;;;;;;;;;;;;;;;;;;;;;;;;;;;;;;;
.data;2025-10-02;07:13:55;001;837.7;280.65;12.2;;;;;;;;;;;;;;;;;;;;;;;;;;;;;;;;;;;;;
.data;2025-10-02;07:13:56;001;837.8;280.65;12.2;;;;;;;;;;;;;;;;;;;;;;;;;;;;;;;;;;;;;
.data;2025-10-02;07:13:57;001;837.8;280.65;12.2;;;;;;;;;;;;;;;;;;;;;;;;;;;;;;;;;;;;;
.data;2025-10-02;07:13:58;001;837.9;280.65;12.2;;;;;;;;;;;;;;;;;;;;;;;;;;;;;;;;;;;;;
.data;2025-10-02;07:13:59;001;838.0;280.65;12.2;;;;;;;;;;;;;;;;;;;;;;;;;;;;;;;;;;;;;
.data;2025-10-02;07:14:00;001;547.3;280.65;12.2;;;;;;;;;;;;;;;;;;;;;;;;;;;;;;;;;;;;;
.data;2025-10-02;07:14:01;001;37.5;280.65;12.2;;;;;;;;;;;;;;;;;;;;;;;;;;;;;;;;;;;;;
.data;2025-10-02;07:14:02;001;15.2;280.65;12.2;;;;;;;;;;;;;;;;;;;;;;;;;;;;;;;;;;;;;
.data;2025-10-02;07:14:03;001;5.2;280.65;12.2;;;;;;;;;;;;;;;;;;;;;;;;;;;;;;;;;;;;;
.data;2025-10-02;07:14:04;001;0.8;280.65;12.2;;;;;;;;;;;;;;;;;;;;;;;;;;;;;;;;;;;;;
.data;2025-10-02;07:14:05;001;-1.8;280.65;12.2;;;;;;;;;;;;;;;;;;;;;;;;;;;;;;;;;;;;;
.data;2025-10-02;07:14:06;001;-0.2;280.55;12.2;;;;;;;;;;;;;;;;;;;;;;;;;;;;;;;;;;;;;
.data;2025-10-02;07:14:07;001;779.9;280.55;12.2;;;;;;;;;;;;;;;;;;;;;;;;;;;;;;;;;;;;;
.data;2025-10-02;07:14:08;001;819.2;280.55;12.2;;;;;;;;;;;;;;;;;;;;;;;;;;;;;;;;;;;;;
.data;2025-10-02;07:14:09;001;830.0;280.55;12.2;;;;;;;;;;;;;;;;;;;;;;;;;;;;;;;;;;;;;
.data;2025-10-02;07:14:10;001;836.1;280.55;12.2;;;;;;;;;;;;;;;;;;;;;;;;;;;;;;;;;;;;;
.data;2025-10-02;07:14:11;001;839.1;280.55;12.2;;;;;;;;;;;;;;;;;;;;;;;;;;;;;;;;;;;;;
.data;2025-10-02;07:14:12;001;841.1;280.55;12.2;;;;;;;;;;;;;;;;;;;;;;;;;;;;;;;;;;;;;
.data;2025-10-02;07:14:13;001;842.2;280.55;12.2;;;;;;;;;;;;;;;;;;;;;;;;;;;;;;;;;;;;;
.data;2025-10-02;07:14:14;001;596.1;280.55;12.2;;;;;;;;;;;;;;;;;;;;;;;;;;;;;;;;;;;;;
.data;2025-10-02;07:14:15;001;40.5;280.55;12.2;;;;;;;;;;;;;;;;;;;;;;;;;;;;;;;;;;;;;
.data;2025-10-02;07:14:16;001;28.8;280.55;12.2;;;;;;;;;;;;;;;;;;;;;;;;;;;;;;;;;;;;;
.data;2025-10-02;07:14:17;001;64.7;280.55;12.2;;;;;;;;;;;;;;;;;;;;;;;;;;;;;;;;;;;;;
.data;2025-10-02;07:14:18;001;16.0;280.55;12.2;;;;;;;;;;;;;;;;;;;;;;;;;;;;;;;;;;;;;
.data;2025-10-02;07:14:19;001;752.0;280.55;12.2;;;;;;;;;;;;;;;;;;;;;;;;;;;;;;;;;;;;;
.data;2025-10-02;07:14:20;001;817.0;280.55;12.2;;;;;;;;;;;;;;;;;;;;;;;;;;;;;;;;;;;;;
.data;2025-10-02;07:14:21;001;713.1;280.55;12.2;;;;;;;;;;;;;;;;;;;;;;;;;;;;;;;;;;;;;
.data;2025-10-02;07:14:22;001;34.7;280.55;12.2;;;;;;;;;;;;;;;;;;;;;;;;;;;;;;;;;;;;;
.data;2025-10-02;07:14:23;001;13.7;280.55;12.2;;;;;;;;;;;;;;;;;;;;;;;;;;;;;;;;;;;;;
.data;2025-10-02;07:14:24;001;242.5;280.55;12.2;;;;;;;;;;;;;;;;;;;;;;;;;;;;;;;;;;;;;
.data;2025-10-02;07:14:25;001;803.4;280.55;12.2;;;;;;;;;;;;;;;;;;;;;;;;;;;;;;;;;;;;;
.data;2025-10-02;07:14:26;001;801.0;280.55;12.2;;;;;;;;;;;;;;;;;;;;;;;;;;;;;;;;;;;;;
.data;2025-10-02;07:14:27;001;86.0;280.55;12.2;;;;;;;;;;;;;;;;;;;;;;;;;;;;;;;;;;;;;
.data;2025-10-02;07:14:28;001;596.8;280.55;12.2;;;;;;;;;;;;;;;;;;;;;;;;;;;;;;;;;;;;;
.data;2025-10-02;07:14:29;001;823.2;280.55;12.2;;;;;;;;;;;;;;;;;;;;;;;;;;;;;;;;;;;;;
.data;2025-10-02;07:14:30;001;832.4;280.55;12.2;;;;;;;;;;;;;;;;;;;;;;;;;;;;;;;;;;;;;
.data;2025-10-02;07:14:31;001;838.5;280.55;12.2;;;;;;;;;;;;;;;;;;;;;;;;;;;;;;;;;;;;;
.data;2025-10-02;07:14:32;001;841.7;280.55;12.2;;;;;;;;;;;;;;;;;;;;;;;;;;;;;;;;;;;;;
.data;2025-10-02;07:14:33;001;842.4;280.55;12.2;;;;;;;;;;;;;;;;;;;;;;;;;;;;;;;;;;;;;
.data;2025-10-02;07:14:34;001;843.0;280.55;12.2;;;;;;;;;;;;;;;;;;;;;;;;;;;;;;;;;;;;;
.data;2025-10-02;07:14:35;001;842.4;280.45;12.2;;;;;;;;;;;;;;;;;;;;;;;;;;;;;;;;;;;;;
.data;2025-10-02;07:14:36;001;843.9;280.55;12.2;;;;;;;;;;;;;;;;;;;;;;;;;;;;;;;;;;;;;
.data;2025-10-02;07:14:37;001;843.2;280.45;12.2;;;;;;;;;;;;;;;;;;;;;;;;;;;;;;;;;;;;;
.data;2025-10-02;07:14:38;001;844.1;280.45;12.2;;;;;;;;;;;;;;;;;;;;;;;;;;;;;;;;;;;;;
.data;2025-10-02;07:14:39;001;844.8;280.45;12.2;;;;;;;;;;;;;;;;;;;;;;;;;;;;;;;;;;;;;
.data;2025-10-02;07:14:40;001;844.4;280.45;12.2;;;;;;;;;;;;;;;;;;;;;;;;;;;;;;;;;;;;;
.data;2025-10-02;07:14:41;001;844.6;280.45;12.2;;;;;;;;;;;;;;;;;;;;;;;;;;;;;;;;;;;;;
.data;2025-10-02;07:14:42;001;844.4;280.45;12.2;;;;;;;;;;;;;;;;;;;;;;;;;;;;;;;;;;;;;
.data;2025-10-02;07:14:43;001;844.1;280.45;12.2;;;;;;;;;;;;;;;;;;;;;;;;;;;;;;;;;;;;;
.data;2025-10-02;07:14:44;001;844.2;280.45;12.2;;;;;;;;;;;;;;;;;;;;;;;;;;;;;;;;;;;;;
.data;2025-10-02;07:14:45;001;844.2;280.45;12.2;;;;;;;;;;;;;;;;;;;;;;;;;;;;;;;;;;;;;
.data;2025-10-02;07:14:46;001;844.3;280.45;12.2;;;;;;;;;;;;;;;;;;;;;;;;;;;;;;;;;;;;;
.data;2025-10-02;07:14:47;001;844.9;280.45;12.2;;;;;;;;;;;;;;;;;;;;;;;;;;;;;;;;;;;;;
.data;2025-10-02;07:14:48;001;844.9;280.45;12.2;;;;;;;;;;;;;;;;;;;;;;;;;;;;;;;;;;;;;
.data;2025-10-02;07:14:49;001;845.4;280.45;12.2;;;;;;;;;;;;;;;;;;;;;;;;;;;;;;;;;;;;;
.data;2025-10-02;07:14:50;001;845.4;280.45;12.2;;;;;;;;;;;;;;;;;;;;;;;;;;;;;;;;;;;;;
.data;2025-10-02;07:14:51;001;845.6;280.45;12.2;;;;;;;;;;;;;;;;;;;;;;;;;;;;;;;;;;;;;
.data;2025-10-02;07:14:52;001;845.5;280.45;12.2;;;;;;;;;;;;;;;;;;;;;;;;;;;;;;;;;;;;;
.data;2025-10-02;07:14:53;001;845.7;280.45;12.2;;;;;;;;;;;;;;;;;;;;;;;;;;;;;;;;;;;;;
.data;2025-10-02;07:14:54;001;845.7;280.45;12.2;;;;;;;;;;;;;;;;;;;;;;;;;;;;;;;;;;;;;
.data;2025-10-02;07:14:55;001;845.7;280.45;12.2;;;;;;;;;;;;;;;;;;;;;;;;;;;;;;;;;;;;;
.data;2025-10-02;07:14:56;001;845.5;280.45;12.2;;;;;;;;;;;;;;;;;;;;;;;;;;;;;;;;;;;;;
.data;2025-10-02;07:14:57;001;845.3;280.45;12.2;;;;;;;;;;;;;;;;;;;;;;;;;;;;;;;;;;;;;
.data;2025-10-02;07:14:58;001;845.4;280.45;12.2;;;;;;;;;;;;;;;;;;;;;;;;;;;;;;;;;;;;;
.data;2025-10-02;07:14:59;001;845.6;280.45;12.2;;;;;;;;;;;;;;;;;;;;;;;;;;;;;;;;;;;;;
.data;2025-10-02;07:15:00;001;845.5;280.45;12.2;;;;;;;;;;;;;;;;;;;;;;;;;;;;;;;;;;;;;
.data;2025-10-02;07:15:01;001;845.4;280.45;12.2;;;;;;;;;;;;;;;;;;;;;;;;;;;;;;;;;;;;;
.data;2025-10-02;07:15:02;001;845.2;280.45;12.2;;;;;;;;;;;;;;;;;;;;;;;;;;;;;;;;;;;;;
.data;2025-10-02;07:15:03;001;845.2;280.45;12.2;;;;;;;;;;;;;;;;;;;;;;;;;;;;;;;;;;;;;
.data;2025-10-02;07:15:04;001;845.3;280.45;12.2;;;;;;;;;;;;;;;;;;;;;;;;;;;;;;;;;;;;;
.data;2025-10-02;07:15:05;001;845.2;280.45;12.2;;;;;;;;;;;;;;;;;;;;;;;;;;;;;;;;;;;;;
.data;2025-10-02;07:15:06;001;845.3;280.45;12.2;;;;;;;;;;;;;;;;;;;;;;;;;;;;;;;;;;;;;
.data;2025-10-02;07:15:07;001;845.5;280.45;12.2;;;;;;;;;;;;;;;;;;;;;;;;;;;;;;;;;;;;;
.data;2025-10-02;07:15:08;001;845.7;280.45;12.2;;;;;;;;;;;;;;;;;;;;;;;;;;;;;;;;;;;;;
.data;2025-10-02;07:15:09;001;845.9;280.45;12.2;;;;;;;;;;;;;;;;;;;;;;;;;;;;;;;;;;;;;
.data;2025-10-02;07:15:10;001;845.9;280.45;12.2;;;;;;;;;;;;;;;;;;;;;;;;;;;;;;;;;;;;;
.data;2025-10-02;07:15:11;001;845.8;280.45;12.2;;;;;;;;;;;;;;;;;;;;;;;;;;;;;;;;;;;;;
.data;2025-10-02;07:15:12;001;845.8;280.35;12.2;;;;;;;;;;;;;;;;;;;;;;;;;;;;;;;;;;;;;
.data;2025-10-02;07:15:13;001;845.8;280.35;12.2;;;;;;;;;;;;;;;;;;;;;;;;;;;;;;;;;;;;;
.data;2025-10-02;07:15:14;001;845.7;280.45;12.2;;;;;;;;;;;;;;;;;;;;;;;;;;;;;;;;;;;;;
.data;2025-10-02;07:15:15;001;845.5;280.35;12.2;;;;;;;;;;;;;;;;;;;;;;;;;;;;;;;;;;;;;
.data;2025-10-02;07:15:16;001;845.4;280.45;12.2;;;;;;;;;;;;;;;;;;;;;;;;;;;;;;;;;;;;;
.data;2025-10-02;07:15:17;001;845.5;280.35;12.2;;;;;;;;;;;;;;;;;;;;;;;;;;;;;;;;;;;;;
.data;2025-10-02;07:15:18;001;845.4;280.35;12.2;;;;;;;;;;;;;;;;;;;;;;;;;;;;;;;;;;;;;
.data;2025-10-02;07:15:19;001;845.6;280.35;12.2;;;;;;;;;;;;;;;;;;;;;;;;;;;;;;;;;;;;;
.data;2025-10-02;07:15:20;001;845.6;280.35;12.2;;;;;;;;;;;;;;;;;;;;;;;;;;;;;;;;;;;;;
.data;2025-10-02;07:15:21;001;845.4;280.35;12.2;;;;;;;;;;;;;;;;;;;;;;;;;;;;;;;;;;;;;
.data;2025-10-02;07:15:22;001;845.4;280.35;12.2;;;;;;;;;;;;;;;;;;;;;;;;;;;;;;;;;;;;;
.data;2025-10-02;07:15:23;001;845.5;280.35;12.2;;;;;;;;;;;;;;;;;;;;;;;;;;;;;;;;;;;;;
.data;2025-10-02;07:15:24;001;845.5;280.35;12.2;;;;;;;;;;;;;;;;;;;;;;;;;;;;;;;;;;;;;
.data;2025-10-02;07:15:25;001;845.8;280.35;12.2;;;;;;;;;;;;;;;;;;;;;;;;;;;;;;;;;;;;;
.data;2025-10-02;07:15:26;001;845.9;280.35;12.2;;;;;;;;;;;;;;;;;;;;;;;;;;;;;;;;;;;;;
.data;2025-10-02;07:15:27;001;845.9;280.35;12.2;;;;;;;;;;;;;;;;;;;;;;;;;;;;;;;;;;;;;
.data;2025-10-02;07:15:28;001;845.9;280.35;12.2;;;;;;;;;;;;;;;;;;;;;;;;;;;;;;;;;;;;;
.data;2025-10-02;07:15:29;001;845.9;280.35;12.2;;;;;;;;;;;;;;;;;;;;;;;;;;;;;;;;;;;;;
.data;2025-10-02;07:15:30;001;845.8;280.35;12.2;;;;;;;;;;;;;;;;;;;;;;;;;;;;;;;;;;;;;
.data;2025-10-02;07:15:31;001;845.5;280.35;12.2;;;;;;;;;;;;;;;;;;;;;;;;;;;;;;;;;;;;;
.data;2025-10-02;07:15:32;001;845.4;280.35;12.2;;;;;;;;;;;;;;;;;;;;;;;;;;;;;;;;;;;;;
.data;2025-10-02;07:15:33;001;845.5;280.35;12.2;;;;;;;;;;;;;;;;;;;;;;;;;;;;;;;;;;;;;
.data;2025-10-02;07:15:34;001;845.8;280.35;12.2;;;;;;;;;;;;;;;;;;;;;;;;;;;;;;;;;;;;;
.data;2025-10-02;07:15:35;001;845.9;280.35;12.2;;;;;;;;;;;;;;;;;;;;;;;;;;;;;;;;;;;;;
.data;2025-10-02;07:15:36;001;846.0;280.35;12.2;;;;;;;;;;;;;;;;;;;;;;;;;;;;;;;;;;;;;
.data;2025-10-02;07:15:37;001;846.1;280.35;12.2;;;;;;;;;;;;;;;;;;;;;;;;;;;;;;;;;;;;;
.data;2025-10-02;07:15:38;001;846.4;280.35;12.2;;;;;;;;;;;;;;;;;;;;;;;;;;;;;;;;;;;;;
.data;2025-10-02;07:15:39;001;846.5;280.35;12.2;;;;;;;;;;;;;;;;;;;;;;;;;;;;;;;;;;;;;
.data;2025-10-02;07:15:40;001;846.5;280.35;12.2;;;;;;;;;;;;;;;;;;;;;;;;;;;;;;;;;;;;;
.data;2025-10-02;07:15:41;001;846.2;280.35;12.2;;;;;;;;;;;;;;;;;;;;;;;;;;;;;;;;;;;;;
.data;2025-10-02;07:15:42;001;846.1;280.35;12.2;;;;;;;;;;;;;;;;;;;;;;;;;;;;;;;;;;;;;
.data;2025-10-02;07:15:43;001;846.3;280.35;12.2;;;;;;;;;;;;;;;;;;;;;;;;;;;;;;;;;;;;;
.data;2025-10-02;07:15:44;001;846.2;280.35;12.2;;;;;;;;;;;;;;;;;;;;;;;;;;;;;;;;;;;;;
.data;2025-10-02;07:15:45;001;846.2;280.35;12.2;;;;;;;;;;;;;;;;;;;;;;;;;;;;;;;;;;;;;
.data;2025-10-02;07:15:46;001;846.2;280.35;12.2;;;;;;;;;;;;;;;;;;;;;;;;;;;;;;;;;;;;;
.data;2025-10-02;07:15:47;001;846.2;280.35;12.2;;;;;;;;;;;;;;;;;;;;;;;;;;;;;;;;;;;;;
.data;2025-10-02;07:15:48;001;846.1;280.25;12.2;;;;;;;;;;;;;;;;;;;;;;;;;;;;;;;;;;;;;
.data;2025-10-02;07:15:49;001;846.2;280.35;12.2;;;;;;;;;;;;;;;;;;;;;;;;;;;;;;;;;;;;;
.data;2025-10-02;07:15:50;001;846.3;280.35;12.2;;;;;;;;;;;;;;;;;;;;;;;;;;;;;;;;;;;;;
.data;2025-10-02;07:15:51;001;846.4;280.25;12.2;;;;;;;;;;;;;;;;;;;;;;;;;;;;;;;;;;;;;
.data;2025-10-02;07:15:52;001;846.2;280.25;12.2;;;;;;;;;;;;;;;;;;;;;;;;;;;;;;;;;;;;;
.data;2025-10-02;07:15:53;001;845.9;280.25;12.2;;;;;;;;;;;;;;;;;;;;;;;;;;;;;;;;;;;;;
.data;2025-10-02;07:15:54;001;845.8;280.25;12.2;;;;;;;;;;;;;;;;;;;;;;;;;;;;;;;;;;;;;
.data;2025-10-02;07:15:55;001;845.9;280.25;12.2;;;;;;;;;;;;;;;;;;;;;;;;;;;;;;;;;;;;;
.data;2025-10-02;07:15:56;001;846.1;280.25;12.2;;;;;;;;;;;;;;;;;;;;;;;;;;;;;;;;;;;;;
.data;2025-10-02;07:15:57;001;846.3;280.25;12.2;;;;;;;;;;;;;;;;;;;;;;;;;;;;;;;;;;;;;
.data;2025-10-02;07:15:58;001;846.4;280.25;12.2;;;;;;;;;;;;;;;;;;;;;;;;;;;;;;;;;;;;;
.data;2025-10-02;07:15:59;001;846.4;280.25;12.2;;;;;;;;;;;;;;;;;;;;;;;;;;;;;;;;;;;;;
.data;2025-10-02;07:16:00;001;846.4;280.25;12.2;;;;;;;;;;;;;;;;;;;;;;;;;;;;;;;;;;;;;
.data;2025-10-02;07:16:01;001;846.6;280.25;12.2;;;;;;;;;;;;;;;;;;;;;;;;;;;;;;;;;;;;;
.data;2025-10-02;07:16:02;001;846.8;280.25;12.2;;;;;;;;;;;;;;;;;;;;;;;;;;;;;;;;;;;;;
.data;2025-10-02;07:16:03;001;846.8;280.25;12.2;;;;;;;;;;;;;;;;;;;;;;;;;;;;;;;;;;;;;
.data;2025-10-02;07:16:04;001;846.9;280.25;12.2;;;;;;;;;;;;;;;;;;;;;;;;;;;;;;;;;;;;;
.data;2025-10-02;07:16:05;001;847.1;280.25;12.2;;;;;;;;;;;;;;;;;;;;;;;;;;;;;;;;;;;;;
.data;2025-10-02;07:16:06;001;847.2;280.25;12.2;;;;;;;;;;;;;;;;;;;;;;;;;;;;;;;;;;;;;
.data;2025-10-02;07:16:07;001;847.4;280.25;12.2;;;;;;;;;;;;;;;;;;;;;;;;;;;;;;;;;;;;;
.data;2025-10-02;07:16:08;001;847.5;280.25;12.2;;;;;;;;;;;;;;;;;;;;;;;;;;;;;;;;;;;;;
.data;2025-10-02;07:16:09;001;847.6;280.25;12.2;;;;;;;;;;;;;;;;;;;;;;;;;;;;;;;;;;;;;
.data;2025-10-02;07:16:10;001;847.6;280.25;12.2;;;;;;;;;;;;;;;;;;;;;;;;;;;;;;;;;;;;;
.data;2025-10-02;07:16:11;001;847.9;280.25;12.2;;;;;;;;;;;;;;;;;;;;;;;;;;;;;;;;;;;;;
.data;2025-10-02;07:16:12;001;848.0;280.25;12.2;;;;;;;;;;;;;;;;;;;;;;;;;;;;;;;;;;;;;
.data;2025-10-02;07:16:13;001;848.2;280.25;12.2;;;;;;;;;;;;;;;;;;;;;;;;;;;;;;;;;;;;;
.data;2025-10-02;07:16:14;001;848.1;280.25;12.2;;;;;;;;;;;;;;;;;;;;;;;;;;;;;;;;;;;;;
.data;2025-10-02;07:16:15;001;848.2;280.25;12.2;;;;;;;;;;;;;;;;;;;;;;;;;;;;;;;;;;;;;
.data;2025-10-02;07:16:16;001;848.4;280.25;12.2;;;;;;;;;;;;;;;;;;;;;;;;;;;;;;;;;;;;;
.data;2025-10-02;07:16:17;001;848.6;280.25;12.2;;;;;;;;;;;;;;;;;;;;;;;;;;;;;;;;;;;;;
.data;2025-10-02;07:16:18;001;848.5;280.25;12.2;;;;;;;;;;;;;;;;;;;;;;;;;;;;;;;;;;;;;
.data;2025-10-02;07:16:19;001;848.5;280.25;12.2;;;;;;;;;;;;;;;;;;;;;;;;;;;;;;;;;;;;;
.data;2025-10-02;07:16:20;001;848.4;280.25;12.2;;;;;;;;;;;;;;;;;;;;;;;;;;;;;;;;;;;;;
.data;2025-10-02;07:16:21;001;848.6;280.25;12.2;;;;;;;;;;;;;;;;;;;;;;;;;;;;;;;;;;;;;
.data;2025-10-02;07:16:22;001;848.6;280.15;12.2;;;;;;;;;;;;;;;;;;;;;;;;;;;;;;;;;;;;;
.data;2025-10-02;07:16:23;001;848.7;280.15;12.2;;;;;;;;;;;;;;;;;;;;;;;;;;;;;;;;;;;;;
.data;2025-10-02;07:16:24;001;848.5;280.15;12.2;;;;;;;;;;;;;;;;;;;;;;;;;;;;;;;;;;;;;
.data;2025-10-02;07:16:25;001;848.2;280.15;12.2;;;;;;;;;;;;;;;;;;;;;;;;;;;;;;;;;;;;;
.data;2025-10-02;07:16:26;001;848.1;280.15;12.2;;;;;;;;;;;;;;;;;;;;;;;;;;;;;;;;;;;;;
.data;2025-10-02;07:16:27;001;848.2;280.15;12.2;;;;;;;;;;;;;;;;;;;;;;;;;;;;;;;;;;;;;
.data;2025-10-02;07:16:28;001;848.2;280.15;12.2;;;;;;;;;;;;;;;;;;;;;;;;;;;;;;;;;;;;;
.data;2025-10-02;07:16:29;001;848.3;280.15;12.2;;;;;;;;;;;;;;;;;;;;;;;;;;;;;;;;;;;;;
.data;2025-10-02;07:16:30;001;848.2;280.15;12.2;;;;;;;;;;;;;;;;;;;;;;;;;;;;;;;;;;;;;
.data;2025-10-02;07:16:31;001;848.1;280.15;12.2;;;;;;;;;;;;;;;;;;;;;;;;;;;;;;;;;;;;;
.data;2025-10-02;07:16:32;001;848.3;280.15;12.2;;;;;;;;;;;;;;;;;;;;;;;;;;;;;;;;;;;;;
.data;2025-10-02;07:16:33;001;848.2;280.15;12.2;;;;;;;;;;;;;;;;;;;;;;;;;;;;;;;;;;;;;
.data;2025-10-02;07:16:34;001;848.1;280.15;12.2;;;;;;;;;;;;;;;;;;;;;;;;;;;;;;;;;;;;;
.data;2025-10-02;07:16:35;001;848.2;280.15;12.2;;;;;;;;;;;;;;;;;;;;;;;;;;;;;;;;;;;;;
.data;2025-10-02;07:16:36;001;848.3;280.15;12.2;;;;;;;;;;;;;;;;;;;;;;;;;;;;;;;;;;;;;
.data;2025-10-02;07:16:37;001;848.5;280.15;12.2;;;;;;;;;;;;;;;;;;;;;;;;;;;;;;;;;;;;;
.data;2025-10-02;07:16:38;001;848.6;280.15;12.2;;;;;;;;;;;;;;;;;;;;;;;;;;;;;;;;;;;;;
.data;2025-10-02;07:16:39;001;848.7;280.15;12.2;;;;;;;;;;;;;;;;;;;;;;;;;;;;;;;;;;;;;
.data;2025-10-02;07:16:40;001;848.9;280.15;12.2;;;;;;;;;;;;;;;;;;;;;;;;;;;;;;;;;;;;;
.data;2025-10-02;07:16:41;001;849.0;280.15;12.2;;;;;;;;;;;;;;;;;;;;;;;;;;;;;;;;;;;;;
.data;2025-10-02;07:16:42;001;848.9;280.15;12.2;;;;;;;;;;;;;;;;;;;;;;;;;;;;;;;;;;;;;
.data;2025-10-02;07:16:43;001;849.0;280.15;12.2;;;;;;;;;;;;;;;;;;;;;;;;;;;;;;;;;;;;;
.data;2025-10-02;07:16:44;001;849.1;280.15;12.2;;;;;;;;;;;;;;;;;;;;;;;;;;;;;;;;;;;;;
.data;2025-10-02;07:16:45;001;849.2;280.15;12.2;;;;;;;;;;;;;;;;;;;;;;;;;;;;;;;;;;;;;
.data;2025-10-02;07:16:46;001;849.2;280.15;12.2;;;;;;;;;;;;;;;;;;;;;;;;;;;;;;;;;;;;;
.data;2025-10-02;07:16:47;001;849.1;280.15;12.2;;;;;;;;;;;;;;;;;;;;;;;;;;;;;;;;;;;;;
.data;2025-10-02;07:16:48;001;849.2;280.15;12.2;;;;;;;;;;;;;;;;;;;;;;;;;;;;;;;;;;;;;
.data;2025-10-02;07:16:49;001;849.4;280.15;12.2;;;;;;;;;;;;;;;;;;;;;;;;;;;;;;;;;;;;;
.data;2025-10-02;07:16:50;001;849.4;280.15;12.2;;;;;;;;;;;;;;;;;;;;;;;;;;;;;;;;;;;;;
.data;2025-10-02;07:16:51;001;849.5;280.15;12.2;;;;;;;;;;;;;;;;;;;;;;;;;;;;;;;;;;;;;
.data;2025-10-02;07:16:52;001;849.5;280.15;12.2;;;;;;;;;;;;;;;;;;;;;;;;;;;;;;;;;;;;;
.data;2025-10-02;07:16:53;001;849.4;280.15;12.2;;;;;;;;;;;;;;;;;;;;;;;;;;;;;;;;;;;;;
.data;2025-10-02;07:16:54;001;849.4;280.05;12.2;;;;;;;;;;;;;;;;;;;;;;;;;;;;;;;;;;;;;
.data;2025-10-02;07:16:55;001;849.4;280.05;12.2;;;;;;;;;;;;;;;;;;;;;;;;;;;;;;;;;;;;;
.data;2025-10-02;07:16:56;001;849.5;280.05;12.2;;;;;;;;;;;;;;;;;;;;;;;;;;;;;;;;;;;;;
.data;2025-10-02;07:16:57;001;849.6;280.05;12.2;;;;;;;;;;;;;;;;;;;;;;;;;;;;;;;;;;;;;
.data;2025-10-02;07:16:58;001;849.5;280.05;12.2;;;;;;;;;;;;;;;;;;;;;;;;;;;;;;;;;;;;;
.data;2025-10-02;07:16:59;001;849.6;280.05;12.2;;;;;;;;;;;;;;;;;;;;;;;;;;;;;;;;;;;;;
.data;2025-10-02;07:17:00;001;849.4;280.05;12.2;;;;;;;;;;;;;;;;;;;;;;;;;;;;;;;;;;;;;
.data;2025-10-02;07:17:01;001;849.3;280.05;12.2;;;;;;;;;;;;;;;;;;;;;;;;;;;;;;;;;;;;;
.data;2025-10-02;07:17:02;001;849.3;280.05;12.2;;;;;;;;;;;;;;;;;;;;;;;;;;;;;;;;;;;;;
.data;2025-10-02;07:17:03;001;849.7;280.05;12.2;;;;;;;;;;;;;;;;;;;;;;;;;;;;;;;;;;;;;
.data;2025-10-02;07:17:04;001;850.2;280.05;12.2;;;;;;;;;;;;;;;;;;;;;;;;;;;;;;;;;;;;;
.data;2025-10-02;07:17:05;001;849.7;280.05;12.2;;;;;;;;;;;;;;;;;;;;;;;;;;;;;;;;;;;;;
.data;2025-10-02;07:17:06;001;849.6;280.05;12.2;;;;;;;;;;;;;;;;;;;;;;;;;;;;;;;;;;;;;
.data;2025-10-02;07:17:07;001;849.8;280.05;12.2;;;;;;;;;;;;;;;;;;;;;;;;;;;;;;;;;;;;;
.data;2025-10-02;07:17:08;001;850.0;280.05;12.2;;;;;;;;;;;;;;;;;;;;;;;;;;;;;;;;;;;;;
.data;2025-10-02;07:17:09;001;850.0;280.05;12.2;;;;;;;;;;;;;;;;;;;;;;;;;;;;;;;;;;;;;
.data;2025-10-02;07:17:10;001;849.8;280.05;12.2;;;;;;;;;;;;;;;;;;;;;;;;;;;;;;;;;;;;;
.data;2025-10-02;07:17:11;001;849.7;280.05;12.2;;;;;;;;;;;;;;;;;;;;;;;;;;;;;;;;;;;;;
.data;2025-10-02;07:17:12;001;849.7;280.05;12.2;;;;;;;;;;;;;;;;;;;;;;;;;;;;;;;;;;;;;
.data;2025-10-02;07:17:13;001;849.6;280.05;12.2;;;;;;;;;;;;;;;;;;;;;;;;;;;;;;;;;;;;;
.data;2025-10-02;07:17:14;001;849.6;280.05;12.2;;;;;;;;;;;;;;;;;;;;;;;;;;;;;;;;;;;;;
.data;2025-10-02;07:17:15;001;850.0;280.05;12.2;;;;;;;;;;;;;;;;;;;;;;;;;;;;;;;;;;;;;
.data;2025-10-02;07:17:16;001;849.9;280.05;12.2;;;;;;;;;;;;;;;;;;;;;;;;;;;;;;;;;;;;;
.data;2025-10-02;07:17:17;001;849.9;280.05;12.2;;;;;;;;;;;;;;;;;;;;;;;;;;;;;;;;;;;;;
.data;2025-10-02;07:17:18;001;849.9;280.05;12.2;;;;;;;;;;;;;;;;;;;;;;;;;;;;;;;;;;;;;
.data;2025-10-02;07:17:19;001;849.9;280.05;12.2;;;;;;;;;;;;;;;;;;;;;;;;;;;;;;;;;;;;;
.data;2025-10-02;07:17:20;001;851.3;280.05;12.2;;;;;;;;;;;;;;;;;;;;;;;;;;;;;;;;;;;;;
.data;2025-10-02;07:17:21;001;850.7;280.05;12.2;;;;;;;;;;;;;;;;;;;;;;;;;;;;;;;;;;;;;
.data;2025-10-02;07:17:22;001;850.5;280.05;12.2;;;;;;;;;;;;;;;;;;;;;;;;;;;;;;;;;;;;;
.data;2025-10-02;07:17:23;001;850.4;280.05;12.2;;;;;;;;;;;;;;;;;;;;;;;;;;;;;;;;;;;;;
.data;2025-10-02;07:17:24;001;850.5;280.05;12.2;;;;;;;;;;;;;;;;;;;;;;;;;;;;;;;;;;;;;
.data;2025-10-02;07:17:25;001;850.6;280.05;12.2;;;;;;;;;;;;;;;;;;;;;;;;;;;;;;;;;;;;;
.data;2025-10-02;07:17:26;001;850.5;280.05;12.2;;;;;;;;;;;;;;;;;;;;;;;;;;;;;;;;;;;;;
.data;2025-10-02;07:17:27;001;850.7;280.05;12.2;;;;;;;;;;;;;;;;;;;;;;;;;;;;;;;;;;;;;
.data;2025-10-02;07:17:28;001;850.9;280.05;12.2;;;;;;;;;;;;;;;;;;;;;;;;;;;;;;;;;;;;;
.data;2025-10-02;07:17:29;001;851.1;280.05;12.2;;;;;;;;;;;;;;;;;;;;;;;;;;;;;;;;;;;;;
.data;2025-10-02;07:17:30;001;851.3;280.05;12.2;;;;;;;;;;;;;;;;;;;;;;;;;;;;;;;;;;;;;
.data;2025-10-02;07:17:31;001;851.2;280.05;12.2;;;;;;;;;;;;;;;;;;;;;;;;;;;;;;;;;;;;;
.data;2025-10-02;07:17:32;001;851.4;280.05;12.2;;;;;;;;;;;;;;;;;;;;;;;;;;;;;;;;;;;;;
.data;2025-10-02;07:17:33;001;851.3;280.05;12.2;;;;;;;;;;;;;;;;;;;;;;;;;;;;;;;;;;;;;
.data;2025-10-02;07:17:34;001;850.9;280.05;12.2;;;;;;;;;;;;;;;;;;;;;;;;;;;;;;;;;;;;;
.data;2025-10-02;07:17:35;001;850.8;279.95;12.2;;;;;;;;;;;;;;;;;;;;;;;;;;;;;;;;;;;;;
.data;2025-10-02;07:17:36;001;850.9;279.95;12.2;;;;;;;;;;;;;;;;;;;;;;;;;;;;;;;;;;;;;
.data;2025-10-02;07:17:37;001;850.9;279.95;12.2;;;;;;;;;;;;;;;;;;;;;;;;;;;;;;;;;;;;;
.data;2025-10-02;07:17:38;001;851.1;279.95;12.2;;;;;;;;;;;;;;;;;;;;;;;;;;;;;;;;;;;;;
